{"cameraMode":{"drawMode":0,"name":"Shaded","section":"Shading Mode"},"sceneLighting":false,"audioPlay":false,"sceneViewState":{"showFog":true,"showMaterialUpdate":false,"showSkybox":true,"showFlares":true,"showImageEffects":true,"showParticleSystems":true},"in2DMode":false,"pivot":{"x":4.76837158203125e-7,"y":0.222509503364563,"z":0.002705395221710205},"rotation":{"x":0.009430831298232079,"y":0.9719377756118774,"z":-0.2316959947347641,"w":0.03956069424748421},"size":0.6236840486526489,"orthographic":false}