{"cameraMode":{"drawMode":0,"name":"Shaded","section":"Shading Mode"},"sceneLighting":true,"audioPlay":false,"sceneViewState":{"showFog":true,"showMaterialUpdate":false,"showSkybox":true,"showFlares":true,"showImageEffects":true,"showParticleSystems":true},"in2DMode":false,"pivot":{"x":14.870084762573243,"y":2.8352816104888918,"z":8.640438079833985},"rotation":{"x":-0.03718145936727524,"y":-0.3980063199996948,"z":0.016145603731274606,"w":-0.9164866805076599},"size":2.6378769874572756,"orthographic":false}