{"cameraMode":{"drawMode":0,"name":"Shaded","section":"Shading Mode"},"sceneLighting":true,"audioPlay":false,"sceneViewState":{"showFog":true,"showMaterialUpdate":false,"showSkybox":true,"showFlares":true,"showImageEffects":true,"showParticleSystems":true},"in2DMode":false,"pivot":{"x":28.11697769165039,"y":-3.7460174560546877,"z":-3.3964405059814455},"rotation":{"x":0.06662534177303314,"y":-0.8915346264839172,"z":0.42574843764305117,"w":0.13951849937438966},"size":27.453815460205079,"orthographic":false}