{"cameraMode":{"drawMode":0,"name":"Shaded","section":"Shading Mode"},"sceneLighting":false,"audioPlay":false,"sceneViewState":{"showFog":true,"showMaterialUpdate":false,"showSkybox":true,"showFlares":true,"showImageEffects":true,"showParticleSystems":true},"in2DMode":false,"pivot":{"x":-0.11504346877336502,"y":0.9752635359764099,"z":0.09151017665863037},"rotation":{"x":-0.030031055212020875,"y":0.012119626626372338,"z":-0.00036349345464259386,"w":-0.9994754195213318},"size":0.9655107855796814,"orthographic":false}