{"cameraMode":{"drawMode":0,"name":"Shaded","section":"Shading Mode"},"sceneLighting":true,"audioPlay":false,"sceneViewState":{"showFog":true,"showMaterialUpdate":false,"showSkybox":true,"showFlares":true,"showImageEffects":true,"showParticleSystems":true},"in2DMode":false,"pivot":{"x":21.593793869018556,"y":9.17198371887207,"z":58.812225341796878},"rotation":{"x":0.008987583220005036,"y":0.0461643747985363,"z":0.00041573381167836487,"w":-0.9988933801651001},"size":23.494787216186525,"orthographic":false}