{"cameraMode":{"drawMode":0,"name":"Shaded","section":"Shading Mode"},"sceneLighting":false,"audioPlay":false,"sceneViewState":{"showFog":true,"showMaterialUpdate":false,"showSkybox":true,"showFlares":true,"showImageEffects":true,"showParticleSystems":true},"in2DMode":false,"pivot":{"x":-0.14515842497348786,"y":0.6243221759796143,"z":0.049683570861816409},"rotation":{"x":-0.11676941066980362,"y":0.00459400936961174,"z":-0.0005395065527409315,"w":-0.9931482672691345},"size":2.161625385284424,"orthographic":false}