{"cameraMode":{"drawMode":0,"name":"Shaded","section":"Shading Mode"},"sceneLighting":false,"audioPlay":false,"sceneViewState":{"showFog":true,"showMaterialUpdate":false,"showSkybox":true,"showFlares":true,"showImageEffects":true,"showParticleSystems":true},"in2DMode":false,"pivot":{"x":0.0,"y":1.1920928955078126e-7,"z":0.018753355368971826},"rotation":{"x":0.020008031278848649,"y":0.9184958338737488,"z":-0.3921334743499756,"w":0.04686492681503296},"size":4.991336345672607,"orthographic":false}