{"cameraMode":{"drawMode":0,"name":"Shaded","section":"Shading Mode"},"sceneLighting":false,"audioPlay":false,"sceneViewState":{"showFog":true,"showMaterialUpdate":false,"showSkybox":true,"showFlares":true,"showImageEffects":true,"showParticleSystems":true},"in2DMode":false,"pivot":{"x":3.8743019104003908e-7,"y":0.2225094884634018,"z":0.002705484628677368},"rotation":{"x":0.009430831298232079,"y":0.9719377756118774,"z":-0.2316959947347641,"w":0.03956069424748421},"size":0.9236840605735779,"orthographic":false}