{"cameraMode":{"drawMode":0,"name":"Shaded","section":"Shading Mode"},"sceneLighting":true,"audioPlay":false,"sceneViewState":{"showFog":true,"showMaterialUpdate":false,"showSkybox":true,"showFlares":true,"showImageEffects":true,"showParticleSystems":true},"in2DMode":false,"pivot":{"x":24.90558624267578,"y":11.618400573730469,"z":134.7605438232422},"rotation":{"x":-0.11525992304086685,"y":-0.02466563507914543,"z":0.002861317014321685,"w":-0.993025004863739},"size":19.880334854125978,"orthographic":false}