{"cameraMode":{"drawMode":0,"name":"Shaded","section":"Shading Mode"},"sceneLighting":false,"audioPlay":false,"sceneViewState":{"showFog":true,"showMaterialUpdate":false,"showSkybox":true,"showFlares":true,"showImageEffects":true,"showParticleSystems":true},"in2DMode":false,"pivot":{"x":0.0,"y":0.5618399977684021,"z":-0.000002034008502960205},"rotation":{"x":-0.08541733026504517,"y":-0.019302308559417726,"z":0.0016557450871914626,"w":-0.9961569309234619},"size":2.2853293418884279,"orthographic":false}