{"cameraMode":{"drawMode":0,"name":"Shaded","section":"Shading Mode"},"sceneLighting":false,"audioPlay":false,"sceneViewState":{"showFog":true,"showMaterialUpdate":false,"showSkybox":true,"showFlares":true,"showImageEffects":true,"showParticleSystems":true},"in2DMode":false,"pivot":{"x":0.0,"y":0.6289184093475342,"z":-0.0000022798776626586916},"rotation":{"x":-0.054478976875543597,"y":-0.9445381760597229,"z":0.20578065514564515,"w":-0.2500680387020111},"size":2.465510606765747,"orthographic":false}