{"cameraMode":{"drawMode":0,"name":"Shaded","section":"Shading Mode"},"sceneLighting":false,"audioPlay":false,"sceneViewState":{"showFog":true,"showMaterialUpdate":false,"showSkybox":true,"showFlares":true,"showImageEffects":true,"showParticleSystems":true},"in2DMode":false,"pivot":{"x":0.18868421018123628,"y":0.3786856532096863,"z":-0.193359375},"rotation":{"x":0.0007301675505004823,"y":-0.996680498123169,"z":0.08091147989034653,"w":0.008991549722850323},"size":2.2188925743103029,"orthographic":false}