{"cameraMode":{"drawMode":0,"name":"Shaded","section":"Shading Mode"},"sceneLighting":false,"audioPlay":false,"sceneViewState":{"showFog":true,"showMaterialUpdate":false,"showSkybox":true,"showFlares":true,"showImageEffects":true,"showParticleSystems":true},"in2DMode":false,"pivot":{"x":31.503616333007814,"y":4.410220623016357,"z":15.099366188049317},"rotation":{"x":0.003361704293638468,"y":0.8272903561592102,"z":0.004951234441250563,"w":-0.5617427229881287},"size":18.444137573242189,"orthographic":false}