{"cameraMode":{"drawMode":0,"name":"Shaded","section":"Shading Mode"},"sceneLighting":false,"audioPlay":false,"sceneViewState":{"showFog":true,"showMaterialUpdate":false,"showSkybox":true,"showFlares":true,"showImageEffects":true,"showParticleSystems":true},"in2DMode":false,"pivot":{"x":2.980232238769531e-7,"y":0.22250953316688538,"z":0.0027055740356445314},"rotation":{"x":0.009430831298232079,"y":0.9719377756118774,"z":-0.2316959947347641,"w":0.03956069424748421},"size":0.6995488405227661,"orthographic":false}