{"cameraMode":{"drawMode":0,"name":"Shaded","section":"Shading Mode"},"sceneLighting":true,"audioPlay":false,"sceneViewState":{"showFog":true,"showMaterialUpdate":false,"showSkybox":true,"showFlares":true,"showImageEffects":true,"showParticleSystems":true},"in2DMode":false,"pivot":{"x":30.035722732543947,"y":-0.9087071418762207,"z":-17.819475173950197},"rotation":{"x":-0.054478976875543597,"y":-0.9445381760597229,"z":0.20578065514564515,"w":-0.2500680387020111},"size":18.870861053466798,"orthographic":false}