{"cameraMode":{"drawMode":0,"name":"Shaded","section":"Shading Mode"},"sceneLighting":false,"audioPlay":false,"sceneViewState":{"showFog":true,"showMaterialUpdate":false,"showSkybox":true,"showFlares":true,"showImageEffects":true,"showParticleSystems":true},"in2DMode":false,"pivot":{"x":0.19841820001602174,"y":0.5804092884063721,"z":1.0739104747772217},"rotation":{"x":-0.06519778817892075,"y":-0.15156187117099763,"z":0.010021036490797997,"w":-0.9862443208694458},"size":2.465510606765747,"orthographic":false}