{"cameraMode":{"drawMode":0,"name":"Shaded","section":"Shading Mode"},"sceneLighting":true,"audioPlay":false,"sceneViewState":{"showFog":true,"showMaterialUpdate":false,"showSkybox":true,"showFlares":true,"showImageEffects":true,"showParticleSystems":true},"in2DMode":false,"pivot":{"x":20.745346069335939,"y":2.56205415725708,"z":-9.508149147033692},"rotation":{"x":-0.009603070095181466,"y":-0.973562479019165,"z":0.22438441216945649,"w":-0.04166122153401375},"size":451.0008850097656,"orthographic":false}