{"cameraMode":{"drawMode":0,"name":"Shaded","section":"Shading Mode"},"sceneLighting":false,"audioPlay":false,"sceneViewState":{"showFog":true,"showMaterialUpdate":false,"showSkybox":true,"showFlares":true,"showImageEffects":true,"showParticleSystems":true},"in2DMode":false,"pivot":{"x":-0.019068896770477296,"y":0.5536303520202637,"z":0.5835171937942505},"rotation":{"x":-0.16974247992038728,"y":-0.14671601355075837,"z":0.025565950199961664,"w":-0.9741706252098084},"size":2.2853293418884279,"orthographic":false}