{"cameraMode":{"drawMode":0,"name":"Shaded","section":"Shading Mode"},"sceneLighting":false,"audioPlay":false,"sceneViewState":{"showFog":true,"showMaterialUpdate":false,"showSkybox":true,"showFlares":true,"showImageEffects":true,"showParticleSystems":true},"in2DMode":false,"pivot":{"x":0.0,"y":0.628918468952179,"z":-0.0000022798776626586916},"rotation":{"x":-0.08541733026504517,"y":-0.019302308559417726,"z":0.0016557450871914626,"w":-0.9961569309234619},"size":1.5683116912841797,"orthographic":false}