{"cameraMode":{"drawMode":0,"name":"Shaded","section":"Shading Mode"},"sceneLighting":false,"audioPlay":false,"sceneViewState":{"showFog":true,"showMaterialUpdate":false,"showSkybox":true,"showFlares":true,"showImageEffects":true,"showParticleSystems":true},"in2DMode":false,"pivot":{"x":0.203111469745636,"y":-0.289265513420105,"z":2.0719127655029299},"rotation":{"x":-0.21406719088554383,"y":-0.05113363638520241,"z":0.011222602799534798,"w":-0.9754151105880737},"size":3.777608633041382,"orthographic":false}