{"cameraMode":{"drawMode":0,"name":"Shaded","section":"Shading Mode"},"sceneLighting":false,"audioPlay":false,"sceneViewState":{"showFog":true,"showMaterialUpdate":false,"showSkybox":true,"showFlares":true,"showImageEffects":true,"showParticleSystems":true},"in2DMode":false,"pivot":{"x":19.348045349121095,"y":3.105264902114868,"z":19.022306442260743},"rotation":{"x":0.008987583220005036,"y":0.0461643747985363,"z":0.00041573381167836487,"w":-0.9988933801651001},"size":12.560749053955079,"orthographic":false}