{"cameraMode":{"drawMode":0,"name":"Shaded","section":"Shading Mode"},"sceneLighting":true,"audioPlay":false,"sceneViewState":{"showFog":true,"showMaterialUpdate":false,"showSkybox":true,"showFlares":true,"showImageEffects":true,"showParticleSystems":true},"in2DMode":false,"pivot":{"x":22.606700897216798,"y":-3.77099609375,"z":22.39633560180664},"rotation":{"x":-0.45068004727363589,"y":-0.1699698120355606,"z":0.0878504067659378,"w":-0.8719404339790344},"size":24.98369598388672,"orthographic":false}