{"cameraMode":{"drawMode":0,"name":"Shaded","section":"Shading Mode"},"sceneLighting":false,"audioPlay":false,"sceneViewState":{"showFog":true,"showMaterialUpdate":false,"showSkybox":true,"showFlares":true,"showImageEffects":true,"showParticleSystems":true},"in2DMode":false,"pivot":{"x":0.0,"y":0.5618400573730469,"z":-0.000002034008502960205},"rotation":{"x":-0.06519778817892075,"y":-0.15156187117099763,"z":0.010021036490797997,"w":-0.9862443208694458},"size":2.285222053527832,"orthographic":false}