{"cameraMode":{"drawMode":0,"name":"Shaded","section":"Shading Mode"},"sceneLighting":false,"audioPlay":false,"sceneViewState":{"showFog":true,"showMaterialUpdate":false,"showSkybox":true,"showFlares":true,"showImageEffects":true,"showParticleSystems":true},"in2DMode":false,"pivot":{"x":0.04898735135793686,"y":0.4752945899963379,"z":-0.010399878025054932},"rotation":{"x":-0.08541733026504517,"y":-0.019302308559417726,"z":0.0016557450871914626,"w":-0.9961569309234619},"size":1.6853294372558594,"orthographic":false}