{"cameraMode":{"drawMode":0,"name":"Shaded","section":"Shading Mode"},"sceneLighting":true,"audioPlay":false,"sceneViewState":{"showFog":true,"showMaterialUpdate":false,"showSkybox":true,"showFlares":true,"showImageEffects":true,"showParticleSystems":true},"in2DMode":false,"pivot":{"x":24.146629333496095,"y":1.435859203338623,"z":15.821574211120606},"rotation":{"x":0.14675483107566834,"y":0.5442133545875549,"z":-0.09736724942922592,"w":0.8202527165412903},"size":22.0,"orthographic":false}