{"cameraMode":{"drawMode":0,"name":"Shaded","section":"Shading Mode"},"sceneLighting":false,"audioPlay":false,"sceneViewState":{"showFog":true,"showMaterialUpdate":false,"showSkybox":true,"showFlares":true,"showImageEffects":true,"showParticleSystems":true},"in2DMode":false,"pivot":{"x":-0.4050000309944153,"y":1.5999999046325684,"z":0.4330322742462158},"rotation":{"x":-0.2010418176651001,"y":0.02760333940386772,"z":-0.005667123012244701,"w":-0.9791773557662964},"size":5.050151824951172,"orthographic":false}