{"cameraMode":{"drawMode":0,"name":"Shaded","section":"Shading Mode"},"sceneLighting":false,"audioPlay":false,"sceneViewState":{"showFog":true,"showMaterialUpdate":false,"showSkybox":true,"showFlares":true,"showImageEffects":true,"showParticleSystems":true},"in2DMode":false,"pivot":{"x":18.61213493347168,"y":2.2645955085754396,"z":-14.973687171936036},"rotation":{"x":-0.02837429754436016,"y":0.7366786599159241,"z":-0.030969474464654924,"w":-0.6749373078346252},"size":4.782395362854004,"orthographic":false}