{"cameraMode":{"drawMode":0,"name":"Shaded","section":"Shading Mode"},"sceneLighting":true,"audioPlay":false,"sceneViewState":{"showFog":true,"showMaterialUpdate":false,"showSkybox":true,"showFlares":true,"showImageEffects":true,"showParticleSystems":true},"in2DMode":false,"pivot":{"x":47.12226104736328,"y":4.7947468757629398,"z":13.09249210357666},"rotation":{"x":-0.07731705158948899,"y":-0.744191586971283,"z":0.08748479187488556,"w":-0.6576833724975586},"size":13.283171653747559,"orthographic":false}