{"cameraMode":{"drawMode":0,"name":"Shaded","section":"Shading Mode"},"sceneLighting":true,"audioPlay":false,"sceneViewState":{"showFog":true,"showMaterialUpdate":false,"showSkybox":true,"showFlares":true,"showImageEffects":true,"showParticleSystems":true},"in2DMode":false,"pivot":{"x":14.912888526916504,"y":-2.2568840980529787,"z":-0.4917306900024414},"rotation":{"x":-0.049800243228673938,"y":0.9493615031242371,"z":-0.19792887568473817,"w":-0.2388659417629242},"size":22.361818313598634,"orthographic":false}