{"cameraMode":{"drawMode":0,"name":"Shaded","section":"Shading Mode"},"sceneLighting":false,"audioPlay":false,"sceneViewState":{"showFog":true,"showMaterialUpdate":false,"showSkybox":true,"showFlares":true,"showImageEffects":true,"showParticleSystems":true},"in2DMode":false,"pivot":{"x":0.028641261160373689,"y":0.068104088306427,"z":-0.7359243631362915},"rotation":{"x":0.009430831298232079,"y":0.9719377756118774,"z":-0.2316959947347641,"w":0.03956069424748421},"size":1.7396597862243653,"orthographic":false}