{"cameraMode":{"drawMode":0,"name":"Shaded","section":"Shading Mode"},"sceneLighting":false,"audioPlay":false,"sceneViewState":{"showFog":true,"showMaterialUpdate":false,"showSkybox":true,"showFlares":true,"showImageEffects":true,"showParticleSystems":true},"in2DMode":false,"pivot":{"x":0.0,"y":0.6289184093475342,"z":-0.0000022724270820617677},"rotation":{"x":-0.08541733026504517,"y":-0.019302308559417726,"z":0.0016557450871914626,"w":-0.9961569309234619},"size":1.5634665489196778,"orthographic":false}